{"cameraMode":{"drawMode":0,"name":"Shaded","section":"Shading Mode"},"sceneLighting":true,"audioPlay":false,"sceneViewState":{"showFog":true,"showMaterialUpdate":false,"showSkybox":true,"showFlares":true,"showImageEffects":true,"showParticleSystems":true},"in2DMode":false,"pivot":{"x":1.0984253883361817,"y":-0.2819713354110718,"z":1.4561567306518555},"rotation":{"x":-0.1799996793270111,"y":0.7681647539138794,"z":-0.24547959864139558,"w":-0.5632620453834534},"size":3.270059823989868,"orthographic":false}